Title,Link,Price,Original Price,Discount
Lenovo ThinkBook 16 G6 Intel Core i3 13th Gen 1315U - (8 GB/512 GB SSD/Windows 11 Home) ThinkBook 16 G...,/lenovo-thinkbook-16-g6-intel-core-i3-13th-gen-1315u-8-gb-512-gb-ssd-windows-11-home-irl-5-thin-light-laptop/p/itmd7e1aca8d63e9?pid=COMGZGWUG25DHHWB&lid=LSTCOMGZGWUG25DHHWBIJL9SN&marketplace=FLIPKART&q=laptop&store=6bo%2Fb5g&srno=s_1_1&otracker=search&otracker1=search&iid=en_pXa8_w-ebATcRPemtSrHcBLSC3szdNxkfrp9321zI_TkCmz12SQeuvNFj5gWAzrf9JczFBWEnqdjpHdnXW8BnPUFjCTyOHoHZs-Z5_PS_w0%3D&ssid=8vtb4m2vsg0000001737048052315&qH=312f91285e048e09,"₹39,990","₹73,800",45% off
AXL Intel Celeron Dual Core - (4 GB/256 GB SSD/Windows 11 Home) 15W_LAP02 Thin and Light Laptop,/axl-intel-celeron-dual-core-4-gb-256-gb-ssd-windows-11-home-15w-lap02-thin-light-laptop/p/itm50377e8d175f3?pid=COMGTFYWGDHXDKWN&lid=LSTCOMGTFYWGDHXDKWN1UQRIH&marketplace=FLIPKART&q=laptop&store=6bo%2Fb5g&srno=s_1_2&otracker=search&otracker1=search&iid=en_pXa8_w-ebATcRPemtSrHcBLSC3szdNxkfrp9321zI_TeHwIssHrUXfXUdgtRwUlOHILqMVdeSBptbe08f-itmQ%3D%3D&ssid=8vtb4m2vsg0000001737048052315&qH=312f91285e048e09,"₹16,990","₹33,990",50% off
Lenovo Intel Core i5 12th Gen 1235U - (8 GB/512 GB SSD/Windows 11 Home) G3 IAP Thin and Light Laptop,/lenovo-intel-core-i5-12th-gen-1235u-8-gb-512-gb-ssd-windows-11-home-g3-iap-thin-light-laptop/p/itm930d2b10f8362?pid=COMH7NDQBYSCBGNF&lid=LSTCOMH7NDQBYSCBGNFWMBLWO&marketplace=FLIPKART&q=laptop&store=6bo%2Fb5g&srno=s_1_11&otracker=search&otracker1=search&iid=en_pXa8_w-ebATcRPemtSrHcBLSC3szdNxkfrp9321zI_TBLKMYs66rY0_VsAArXogO5cFzEO9cZeJjYvGvQ8Cs4A%3D%3D&ssid=8vtb4m2vsg0000001737048052315&qH=312f91285e048e09,"₹40,990","₹88,414",53% off
SAMSUNG Galaxy Book4 Intel Core i7 13th Gen 1355U - (16 GB/512 GB SSD/Windows 11 Home) NP750XGJ-KG3IN ...,/samsung-galaxy-book4-intel-core-i7-13th-gen-1355u-16-gb-512-gb-ssd-windows-11-home-np750xgj-kg3in-np750xgj-lg3in-thin-light-laptop/p/itm820dc496ef160?pid=COMGZUYDYPUZAAXD&lid=LSTCOMGZUYDYPUZAAXDBMAOEF&marketplace=FLIPKART&q=laptop&store=6bo%2Fb5g&spotlightTagId=BestsellerId_6bo%2Fb5g&srno=s_1_12&otracker=search&otracker1=search&iid=cd231a70-ae00-46d8-9c45-f789f1ae1331.COMGZUYDYPUZAAXD.SEARCH&ssid=8vtb4m2vsg0000001737048052315&qH=312f91285e048e09,"₹66,990","₹89,689",25% off
Acer Aspire 3 Intel Celeron Dual Core N4500 - (8 GB/256 GB SSD/Windows 11 Home) A325-45 Thin and Light...,/acer-aspire-3-intel-celeron-dual-core-n4500-8-gb-256-gb-ssd-windows-11-home-a325-45-thin-light-laptop/p/itm9ca67a1a3ea22?pid=COMH2TPSHCGYHHH8&lid=LSTCOMH2TPSHCGYHHH8QDXGYW&marketplace=FLIPKART&q=laptop&store=6bo%2Fb5g&srno=s_1_13&otracker=search&otracker1=search&iid=cd231a70-ae00-46d8-9c45-f789f1ae1331.COMH2TPSHCGYHHH8.SEARCH&ssid=8vtb4m2vsg0000001737048052315&qH=312f91285e048e09,"₹21,990","₹29,990",26% off
Acer Aspire 3 Intel Core i3 13th Gen 1305U - (8 GB/512 GB SSD/Windows 11 Home) A324-53 Thin and Light ...,/acer-aspire-3-intel-core-i3-13th-gen-1305u-8-gb-512-gb-ssd-windows-11-home-a324-53-thin-light-laptop/p/itm8ee8940f63aa8?pid=COMH4B6CGTPNVJW9&lid=LSTCOMH4B6CGTPNVJW9JOF4ZC&marketplace=FLIPKART&q=laptop&store=6bo%2Fb5g&srno=s_1_14&otracker=search&otracker1=search&iid=cd231a70-ae00-46d8-9c45-f789f1ae1331.COMH4B6CGTPNVJW9.SEARCH&ssid=8vtb4m2vsg0000001737048052315&qH=312f91285e048e09,"₹28,990","₹49,999",42% off
HP 15s AMD Ryzen 3 Quad Core 7320U - (8 GB/512 GB SSD/Windows 11 Home) 15-fc0026AU Thin and Light Lapt...,/hp-15s-amd-ryzen-3-quad-core-7320u-8-gb-512-gb-ssd-windows-11-home-15-fc0026au-thin-light-laptop/p/itm4e6d85f618393?pid=COMGZNSBMUR7S8WY&lid=LSTCOMGZNSBMUR7S8WYYVX0NP&marketplace=FLIPKART&q=laptop&store=6bo%2Fb5g&srno=s_1_15&otracker=search&otracker1=search&iid=cd231a70-ae00-46d8-9c45-f789f1ae1331.COMGZNSBMUR7S8WY.SEARCH&ssid=8vtb4m2vsg0000001737048052315&qH=312f91285e048e09,"₹31,990","₹46,577",31% off
"Acer Aspire 3 with Backlit Keyboard, Intel Core i5 12th Gen 1235U - (16 GB/1 TB SSD/Windows 11 Home) A...",/acer-aspire-3-backlit-keyboard-intel-core-i5-12th-gen-1235u-16-gb-1-tb-ssd-windows-11-home-a324-51-thin-light-laptop/p/itm4fa0fcf0e2e15?pid=COMH3BHHZQ4RABFJ&lid=LSTCOMH3BHHZQ4RABFJWYL936&marketplace=FLIPKART&q=laptop&store=6bo%2Fb5g&srno=s_1_16&otracker=search&otracker1=search&iid=cd231a70-ae00-46d8-9c45-f789f1ae1331.COMH3BHHZQ4RABFJ.SEARCH&ssid=8vtb4m2vsg0000001737048052315&qH=312f91285e048e09,"₹45,990","₹69,990",34% off
Thomson NEO Core Series Intel Core i3 12th Gen 1215U - (8 GB/256 GB SSD/Windows 11 Home) IN-N15I Thin ...,/thomson-neo-core-series-intel-i3-12th-gen-1215u-8-gb-256-gb-ssd-windows-11-home-in-n15i-thin-light-laptop/p/itm707312182fa98?pid=COMGXXF2YKRHDTTU&lid=LSTCOMGXXF2YKRHDTTUZ4S2OV&marketplace=FLIPKART&q=laptop&store=6bo%2Fb5g&srno=s_1_17&otracker=search&otracker1=search&iid=cd231a70-ae00-46d8-9c45-f789f1ae1331.COMGXXF2YKRHDTTU.SEARCH&ssid=8vtb4m2vsg0000001737048052315&qH=312f91285e048e09,"₹20,990","₹39,990",47% off
Thomson NEO Core Series Intel Core i3 12th Gen 1215U - (8 GB/512 GB SSD/Windows 11 Home) IN-N15I Thin ...,/thomson-neo-core-series-intel-i3-12th-gen-1215u-8-gb-512-gb-ssd-windows-11-home-in-n15i-thin-light-laptop/p/itm707312182fa98?pid=COMGXXF2QXYGZUH6&lid=LSTCOMGXXF2QXYGZUH6LPVXQJ&marketplace=FLIPKART&q=laptop&store=6bo%2Fb5g&spotlightTagId=TrendingId_6bo%2Fb5g&srno=s_1_18&otracker=search&otracker1=search&iid=cd231a70-ae00-46d8-9c45-f789f1ae1331.COMGXXF2QXYGZUH6.SEARCH&ssid=8vtb4m2vsg0000001737048052315&qH=312f91285e048e09,"₹19,990","₹44,990",55% off
Acer Aspire 3 Backlit Intel Core i5 12th Gen 1235U - (8 GB/512 GB SSD/Windows 11 Home) A324-51 Thin an...,/acer-aspire-3-backlit-intel-core-i5-12th-gen-1235u-8-gb-512-gb-ssd-windows-11-home-a324-51-thin-light-laptop/p/itm4fa0fcf0e2e15?pid=COMHY24R8TSWYSVP&lid=LSTCOMHY24R8TSWYSVPQGEAFO&marketplace=FLIPKART&q=laptop&store=6bo%2Fb5g&srno=s_1_19&otracker=search&otracker1=search&iid=cd231a70-ae00-46d8-9c45-f789f1ae1331.COMHY24R8TSWYSVP.SEARCH&ssid=8vtb4m2vsg0000001737048052315&qH=312f91285e048e09,"₹39,990","₹53,000",24% off
SAMSUNG Galaxy Book4 Metal Intel Core i3 13th Gen 1315U - (8 GB/512 GB SSD/Windows 11 Home) NP750XGJ-L...,/samsung-galaxy-book4-metal-intel-core-i3-13th-gen-1315u-8-gb-512-gb-ssd-windows-11-home-np750xgj-lg4in-thin-light-laptop/p/itm1ad811a174c21?pid=COMH4Y6KKRC9YSWE&lid=LSTCOMH4Y6KKRC9YSWERDUMZD&marketplace=FLIPKART&q=laptop&store=6bo%2Fb5g&srno=s_1_20&otracker=search&otracker1=search&iid=cd231a70-ae00-46d8-9c45-f789f1ae1331.COMH4Y6KKRC9YSWE.SEARCH&ssid=8vtb4m2vsg0000001737048052315&qH=312f91285e048e09,"₹37,999","₹57,499",33% off
Apple MacBook AIR Apple M2 - (8 GB/256 GB SSD/Mac OS Monterey) MLXW3HN/A,/apple-macbook-air-m2-8-gb-256-gb-ssd-mac-os-monterey-mlxw3hn-a/p/itmc2732c112aeb1?pid=COMGFB2GSG8EQXCQ&lid=LSTCOMGFB2GSG8EQXCQJWHH2F&marketplace=FLIPKART&q=laptop&store=6bo%2Fb5g&spotlightTagId=BestsellerId_6bo%2Fb5g&srno=s_1_3&otracker=search&otracker1=search&iid=cd231a70-ae00-46d8-9c45-f789f1ae1331.COMGFB2GSG8EQXCQ.SEARCH&ssid=8vtb4m2vsg0000001737048052315&qH=312f91285e048e09,"₹74,990","₹99,900",24% off
Acer Aspire 3 Backlit Intel Core i5 12th Gen 1235U - (16 GB/512 GB SSD/Windows 11 Home) A324-51 Thin a...,/acer-aspire-3-backlit-intel-core-i5-12th-gen-1235u-16-gb-512-gb-ssd-windows-11-home-a324-51-thin-light-laptop/p/itm4fa0fcf0e2e15?pid=COMHY24RMZ8PUDTT&lid=LSTCOMHY24RMZ8PUDTT6GAEHA&marketplace=FLIPKART&q=laptop&store=6bo%2Fb5g&srno=s_1_21&otracker=search&otracker1=search&iid=cd231a70-ae00-46d8-9c45-f789f1ae1331.COMHY24RMZ8PUDTT.SEARCH&ssid=8vtb4m2vsg0000001737048052315&qH=312f91285e048e09,"₹38,990","₹53,000",26% off
Acer Aspire Intel Core i5 12th Gen 12450H - (12 GB/512 GB SSD/Windows 11 Home) AL15-52H Thin and Light...,/acer-aspire-intel-core-i5-12th-gen-12450h-12-gb-512-gb-ssd-windows-11-home-al15-52h-thin-light-laptop/p/itmb4257c1cda497?pid=COMH59E4MRQZEJEH&lid=LSTCOMH59E4MRQZEJEHLHHDZI&marketplace=FLIPKART&q=laptop&store=6bo%2Fb5g&srno=s_1_22&otracker=search&otracker1=search&iid=cd231a70-ae00-46d8-9c45-f789f1ae1331.COMH59E4MRQZEJEH.SEARCH&ssid=8vtb4m2vsg0000001737048052315&qH=312f91285e048e09,"₹42,990","₹59,990",28% off
ASUS Vivobook 15 Intel Core i3 12th Gen 1215U - (8 GB/512 GB SSD/Windows 11 Home) X1504ZA-NJ322WS Thin...,/asus-vivobook-15-intel-core-i3-12th-gen-1215u-8-gb-512-gb-ssd-windows-11-home-x1504za-nj322ws-thin-light-laptop/p/itm200184e4e0443?pid=COMH4Y6KT9ZMYXA6&lid=LSTCOMH4Y6KT9ZMYXA60HIRLB&marketplace=FLIPKART&q=laptop&store=6bo%2Fb5g&srno=s_1_23&otracker=search&otracker1=search&iid=cd231a70-ae00-46d8-9c45-f789f1ae1331.COMH4Y6KT9ZMYXA6.SEARCH&ssid=8vtb4m2vsg0000001737048052315&qH=312f91285e048e09,"₹31,990","₹54,990",41% off
Apple MacBook AIR Apple M2 - (8 GB/256 GB SSD/Mac OS Monterey) MLY33HN/A,/apple-macbook-air-m2-8-gb-256-gb-ssd-mac-os-monterey-mly33hn-a/p/itmdc5308fa78421?pid=COMGFB2GMCRXZG85&lid=LSTCOMGFB2GMCRXZG855GPGWQ&marketplace=FLIPKART&q=laptop&store=6bo%2Fb5g&spotlightTagId=BestsellerId_6bo%2Fb5g&srno=s_1_24&otracker=search&otracker1=search&iid=cd231a70-ae00-46d8-9c45-f789f1ae1331.COMGFB2GMCRXZG85.SEARCH&ssid=8vtb4m2vsg0000001737048052315&qH=312f91285e048e09,"₹74,990","₹99,900",24% off
DELL Vostro Intel Core i3 12th Gen 1215U - (8 GB/512 GB SSD/Windows 11 Home) Vostro 3520 Thin and Ligh...,/dell-vostro-intel-core-i3-12th-gen-1215u-8-gb-512-gb-ssd-windows-11-home-3520-thin-light-laptop/p/itm5d692e615c97e?pid=COMH2F22XWP7DQFM&lid=LSTCOMH2F22XWP7DQFM4HHSYZ&marketplace=FLIPKART&q=laptop&store=6bo%2Fb5g&srno=s_2_25&otracker=search&otracker1=search&fm=Search&iid=1b4813e9-e4c0-4dd8-801a-3b0d12ee1586.COMH2F22XWP7DQFM.SEARCH&ppt=sp&ppn=sp&ssid=1hacupowjk0000001737048061364&qH=312f91285e048e09,"₹31,890","₹49,198",35% off
Acer Aspire 3 Intel Core i3 13th Gen 1305U - (16 GB/512 GB SSD/Windows 11 Home) A324-53 Thin and Light...,/acer-aspire-3-intel-core-i3-13th-gen-1305u-16-gb-512-gb-ssd-windows-11-home-a324-53-thin-light-laptop/p/itm8ee8940f63aa8?pid=COMH4B6CRXD62EPK&lid=LSTCOMH4B6CRXD62EPKDKUYRL&marketplace=FLIPKART&q=laptop&store=6bo%2Fb5g&srno=s_2_26&otracker=search&otracker1=search&fm=Search&iid=1b4813e9-e4c0-4dd8-801a-3b0d12ee1586.COMH4B6CRXD62EPK.SEARCH&ppt=sp&ppn=sp&ssid=1hacupowjk0000001737048061364&qH=312f91285e048e09,"₹32,990","₹44,990",26% off
Lenovo V15 AMD Ryzen 3 Quad Core 7320U - (8 GB/512 GB SSD/Windows 11 Home) V15 G4 AMN 1 Thin and Light...,/lenovo-v15-amd-ryzen-3-quad-core-7320u-8-gb-512-gb-ssd-windows-11-home-g4-amn-1-thin-light-laptop/p/itmdcccd5f5d1865?pid=COMGPYKZAWY8UX6C&lid=LSTCOMGPYKZAWY8UX6CSCLSXL&marketplace=FLIPKART&q=laptop&store=6bo%2Fb5g&srno=s_2_27&otracker=search&otracker1=search&fm=Search&iid=1b4813e9-e4c0-4dd8-801a-3b0d12ee1586.COMGPYKZAWY8UX6C.SEARCH&ppt=sp&ppn=sp&ssid=1hacupowjk0000001737048061364&qH=312f91285e048e09,"₹27,490","₹41,754",34% off
Acer Aspire 7 Intel Core i5 13th Gen 13420H - (16 GB/512 GB SSD/Windows 11 Home/6 GB Graphics/NVIDIA G...,/acer-aspire-7-intel-core-i5-13th-gen-13420h-16-gb-512-gb-ssd-windows-11-home-6-graphics-nvidia-geforce-rtx-3050-a715-79g-gaming-laptop/p/itm8208102c97f99?pid=COMH3G96MYGWSGTF&lid=LSTCOMH3G96MYGWSGTFGZ7TLO&marketplace=FLIPKART&q=laptop&store=6bo%2Fb5g&srno=s_2_28&otracker=search&otracker1=search&fm=Search&iid=1b4813e9-e4c0-4dd8-801a-3b0d12ee1586.COMH3G96MYGWSGTF.SEARCH&ppt=sp&ppn=sp&ssid=1hacupowjk0000001737048061364&qH=312f91285e048e09,"₹62,990","₹89,999",30% off
ASUS Vivobook 15 Intel Core i5 13th Gen 1335U - (16 GB/512 GB SSD/Windows 11 Home) X1504VA-NJ540WS Thi...,/asus-vivobook-15-intel-core-i5-13th-gen-1335u-16-gb-512-gb-ssd-windows-11-home-x1504va-nj540ws-thin-light-laptop/p/itm200184e4e0443?pid=COMH4CHFK2PUPVBS&lid=LSTCOMH4CHFK2PUPVBSA7VBXJ&marketplace=FLIPKART&q=laptop&store=6bo%2Fb5g&srno=s_2_29&otracker=search&otracker1=search&fm=Search&iid=1b4813e9-e4c0-4dd8-801a-3b0d12ee1586.COMH4CHFK2PUPVBS.SEARCH&ppt=sp&ppn=sp&ssid=1hacupowjk0000001737048061364&qH=312f91285e048e09,"₹50,990","₹79,990",36% off
HP Backlit Intel Core i5 12th Gen 1235U - (8 GB/512 GB SSD/Windows 11 Home) 15s-fy5002TU Thin and Ligh...,/hp-backlit-intel-core-i5-12th-gen-1235u-8-gb-512-gb-ssd-windows-11-home-15s-fy5002tu-thin-light-laptop/p/itm9046eaf5a4af9?pid=COMGZNSBS7Z959EW&lid=LSTCOMGZNSBS7Z959EWGCQAVA&marketplace=FLIPKART&q=laptop&store=6bo%2Fb5g&spotlightTagId=FkPickId_6bo%2Fb5g&srno=s_2_30&otracker=search&otracker1=search&fm=Search&iid=1b4813e9-e4c0-4dd8-801a-3b0d12ee1586.COMGZNSBS7Z959EW.SEARCH&ppt=sp&ppn=sp&ssid=1hacupowjk0000001737048061364&qH=312f91285e048e09,"₹45,990","₹70,064",34% off
Apple MacBook AIR Apple M2 - (16 GB/256 GB SSD/macOS Sequoia) MC7U4HN/A,/apple-macbook-air-m2-16-gb-256-gb-ssd-macos-sequoia-mc7u4hn-a/p/itmc2732c112aeb1?pid=COMH64PYV3EVZZF8&lid=LSTCOMH64PYV3EVZZF83C6EE0&marketplace=FLIPKART&q=laptop&store=6bo%2Fb5g&srno=s_1_4&otracker=search&otracker1=search&iid=cd231a70-ae00-46d8-9c45-f789f1ae1331.COMH64PYV3EVZZF8.SEARCH&ssid=8vtb4m2vsg0000001737048052315&qH=312f91285e048e09,"₹79,990","₹99,900",19% off
Apple Apple M3 - (16 GB/256 GB SSD/macOS Sequoia) MC8J4HN/A,/apple-m3-16-gb-256-gb-ssd-macos-sequoia-mc8j4hn-a/p/itm2ea42dec44bca?pid=COMH64PYHPFMPW6W&lid=LSTCOMH64PYHPFMPW6WJC0DZP&marketplace=FLIPKART&q=laptop&store=6bo%2Fb5g&srno=s_2_31&otracker=search&otracker1=search&fm=Search&iid=1b4813e9-e4c0-4dd8-801a-3b0d12ee1586.COMH64PYHPFMPW6W.SEARCH&ppt=sp&ppn=sp&ssid=1hacupowjk0000001737048061364&qH=312f91285e048e09,"₹1,14,900",No Original Price,No Discount
Apple MacBook Air Apple M3 - (8 GB/256 GB SSD/macOS Sonoma) MRXT3HN/A,/apple-macbook-air-m3-8-gb-256-gb-ssd-macos-sonoma-mrxt3hn-a/p/itm2ea42dec44bca?pid=COMGYP5GGSNGYSZP&lid=LSTCOMGYP5GGSNGYSZPBWPP4V&marketplace=FLIPKART&q=laptop&store=6bo%2Fb5g&srno=s_2_32&otracker=search&otracker1=search&fm=Search&iid=1b4813e9-e4c0-4dd8-801a-3b0d12ee1586.COMGYP5GGSNGYSZP.SEARCH&ppt=sp&ppn=sp&ssid=1hacupowjk0000001737048061364&qH=312f91285e048e09,"₹85,990","₹1,14,900",25% off
HP 15s Intel Core i3 12th Gen 1215U - (8 GB/512 GB SSD/Windows 11 Home) 15s-fy5003TU Thin and Light La...,/hp-15s-intel-core-i3-12th-gen-1215u-8-gb-512-gb-ssd-windows-11-home-15s-fy5003tu-thin-light-laptop/p/itm2977a9ca00317?pid=COMGZVGHE9QU8C6M&lid=LSTCOMGZVGHE9QU8C6MHJQTO4&marketplace=FLIPKART&q=laptop&store=6bo%2Fb5g&srno=s_2_33&otracker=search&otracker1=search&fm=Search&iid=1b4813e9-e4c0-4dd8-801a-3b0d12ee1586.COMGZVGHE9QU8C6M.SEARCH&ppt=sp&ppn=sp&ssid=1hacupowjk0000001737048061364&qH=312f91285e048e09,"₹33,990","₹51,266",33% off
HP (15s-fq5007TU) Intel Core i3 12th Gen 1215U - (8 GB/512 GB SSD/Windows 11 Home) 15s-fq5327TU Thin a...,/hp-15s-fq5007tu-intel-core-i3-12th-gen-1215u-8-gb-512-gb-ssd-windows-11-home-15s-fq5327tu-thin-light-laptop/p/itm2977a9ca00317?pid=COMGYHP5MCEYZHSV&lid=LSTCOMGYHP5MCEYZHSVTVJRS5&marketplace=FLIPKART&q=laptop&store=6bo%2Fb5g&srno=s_2_34&otracker=search&otracker1=search&fm=Search&iid=1b4813e9-e4c0-4dd8-801a-3b0d12ee1586.COMGYHP5MCEYZHSV.SEARCH&ppt=sp&ppn=sp&ssid=1hacupowjk0000001737048061364&qH=312f91285e048e09,"₹35,990","₹51,134",29% off
HP 255 G10 (2024) AMD Ryzen 3 Quad Core 7320U - (8 GB/512 GB SSD/Windows 11 Home) 250 G10 Thin and Lig...,/hp-255-g10-2024-amd-ryzen-3-quad-core-7320u-8-gb-512-gb-ssd-windows-11-home-250-thin-light-laptop/p/itmac0cd52f844ae?pid=COMH743DRRNQYDSH&lid=LSTCOMH743DRRNQYDSHWKCNLQ&marketplace=FLIPKART&q=laptop&store=6bo%2Fb5g&srno=s_2_35&otracker=search&otracker1=search&fm=Search&iid=1b4813e9-e4c0-4dd8-801a-3b0d12ee1586.COMH743DRRNQYDSH.SEARCH&ppt=sp&ppn=sp&ssid=1hacupowjk0000001737048061364&qH=312f91285e048e09,"₹26,940","₹31,990",15% off
HP Intel Core i5 12th Gen 1235U - (16 GB/512 GB SSD/Windows 11 Home) 15s-fq5330TU|15-fd0111TU Thin and...,/hp-intel-core-i5-12th-gen-1235u-16-gb-512-gb-ssd-windows-11-home-15s-fq5330tu-15-fd0111tu-thin-light-laptop/p/itm5b5f94f7b044c?pid=COMGXNZGJV3MEMWM&lid=LSTCOMGXNZGJV3MEMWMVXAQ18&marketplace=FLIPKART&q=laptop&store=6bo%2Fb5g&srno=s_2_36&otracker=search&otracker1=search&fm=Search&iid=1b4813e9-e4c0-4dd8-801a-3b0d12ee1586.COMGXNZGJV3MEMWM.SEARCH&ppt=sp&ppn=sp&ssid=1hacupowjk0000001737048061364&qH=312f91285e048e09,"₹47,500","₹68,300",30% off
Apple MacBook AIR Apple M2 - (8 GB/512 GB SSD/Mac OS Monterey) MLY43HN/A,/apple-macbook-air-m2-8-gb-512-gb-ssd-mac-os-monterey-mly43hn-a/p/itmdc5308fa78421?pid=COMGFB2GDBDYXF9D&lid=LSTCOMGFB2GDBDYXF9DPTKNCZ&marketplace=FLIPKART&q=laptop&store=6bo%2Fb5g&srno=s_2_37&otracker=search&otracker1=search&fm=Search&iid=1b4813e9-e4c0-4dd8-801a-3b0d12ee1586.COMGFB2GDBDYXF9D.SEARCH&ppt=sp&ppn=sp&ssid=1hacupowjk0000001737048061364&qH=312f91285e048e09,"₹85,990","₹1,19,900",28% off
HP Pavilion Intel Core Ultra 5 125U - (16 GB/1 TB SSD/Windows 11 Home) 16-af0056TU Thin and Light Lapt...,/hp-pavilion-intel-core-ultra-5-125u-16-gb-1-tb-ssd-windows-11-home-16-af0056tu-thin-light-laptop/p/itmb12a25b64f62b?pid=COMH4KYWQJYGZF2Z&lid=LSTCOMH4KYWQJYGZF2ZSWFIBP&marketplace=FLIPKART&q=laptop&store=6bo%2Fb5g&srno=s_2_38&otracker=search&otracker1=search&fm=Search&iid=1b4813e9-e4c0-4dd8-801a-3b0d12ee1586.COMH4KYWQJYGZF2Z.SEARCH&ppt=sp&ppn=sp&ssid=1hacupowjk0000001737048061364&qH=312f91285e048e09,"₹69,990","₹92,083",23% off
GIGABYTE Intel Core i7 12th Gen 12650H - (16 GB/512 GB SSD/Windows 11 Home/6 GB Graphics/NVIDIA GeForc...,/gigabyte-intel-core-i7-12th-gen-12650h-16-gb-512-gb-ssd-windows-11-home-6-graphics-nvidia-geforce-rtx-4050-g5-mf-g2in313sh-gaming-laptop/p/itm4690051bbfdec?pid=COMGTJG9RTZ8C57Z&lid=LSTCOMGTJG9RTZ8C57ZNA2KLY&marketplace=FLIPKART&q=laptop&store=6bo%2Fb5g&srno=s_2_39&otracker=search&otracker1=search&fm=Search&iid=1b4813e9-e4c0-4dd8-801a-3b0d12ee1586.COMGTJG9RTZ8C57Z.SEARCH&ppt=sp&ppn=sp&ssid=1hacupowjk0000001737048061364&qH=312f91285e048e09,"₹62,990","₹1,48,500",57% off
HP Chromebook Intel Celeron Dual Core N4500 - (4 GB/64 GB EMMC Storage/Chrome OS) 14a- na1004TU Chrome...,/hp-chromebook-intel-celeron-dual-core-n4500-4-gb-64-gb-emmc-storage-chrome-os-14a-na1004tu/p/itm4489ddf90925c?pid=COMGKW2NUQJFVKSC&lid=LSTCOMGKW2NUQJFVKSCFHXYFH&marketplace=FLIPKART&q=laptop&store=6bo%2Fb5g&srno=s_2_40&otracker=search&otracker1=search&fm=Search&iid=1b4813e9-e4c0-4dd8-801a-3b0d12ee1586.COMGKW2NUQJFVKSC.SEARCH&ppt=sp&ppn=sp&ssid=1hacupowjk0000001737048061364&qH=312f91285e048e09,"₹15,990","₹30,000",46% off
Apple MacBook AIR Apple M2 - (8 GB/512 GB SSD/Mac OS Monterey) MLXX3HN/A,/apple-macbook-air-m2-8-gb-512-gb-ssd-mac-os-monterey-mlxx3hn-a/p/itmc2732c112aeb1?pid=COMGFB2GNWNN9DN8&lid=LSTCOMGFB2GNWNN9DN8NBFG9P&marketplace=FLIPKART&q=laptop&store=6bo%2Fb5g&srno=s_1_5&otracker=search&otracker1=search&iid=cd231a70-ae00-46d8-9c45-f789f1ae1331.COMGFB2GNWNN9DN8.SEARCH&ssid=8vtb4m2vsg0000001737048052315&qH=312f91285e048e09,"₹85,990","₹1,19,900",28% off
HP Chromebook MediaTek MT8183 - (4 GB/32 GB EMMC Storage/Chrome OS) 11MK G9 EE Chromebook,/hp-chromebook-mediatek-mt8183-4-gb-32-gb-emmc-storage-chrome-os-11mk-g9-ee/p/itmbcfcbc0ab424f?pid=COMGZFFXXHNVC5A5&lid=LSTCOMGZFFXXHNVC5A500NQCE&marketplace=FLIPKART&q=laptop&store=6bo%2Fb5g&srno=s_2_41&otracker=search&otracker1=search&fm=Search&iid=1b4813e9-e4c0-4dd8-801a-3b0d12ee1586.COMGZFFXXHNVC5A5.SEARCH&ppt=sp&ppn=sp&ssid=1hacupowjk0000001737048061364&qH=312f91285e048e09,"₹8,990","₹34,554",73% off
HP AMD Ryzen 5 Hexa Core 5500U - (16 GB/512 GB SSD/Windows 11 Home) 15s-eq2305AU Thin and Light Laptop,/hp-amd-ryzen-5-hexa-core-5500u-16-gb-512-gb-ssd-windows-11-home-15s-eq2305au-thin-light-laptop/p/itmfad54ff933d4c?pid=COMGZC2GUZJXNHHS&lid=LSTCOMGZC2GUZJXNHHSJP0KBR&marketplace=FLIPKART&q=laptop&store=6bo%2Fb5g&srno=s_2_42&otracker=search&otracker1=search&fm=Search&iid=1b4813e9-e4c0-4dd8-801a-3b0d12ee1586.COMGZC2GUZJXNHHS.SEARCH&ppt=sp&ppn=sp&ssid=1hacupowjk0000001737048061364&qH=312f91285e048e09,"₹39,990","₹52,055",23% off
Apple MacBook AIR Apple M2 - (8 GB/256 GB SSD/Mac OS Monterey) MLY13HN/A,/apple-macbook-air-m2-8-gb-256-gb-ssd-mac-os-monterey-mly13hn-a/p/itmd65f6b189fc7b?pid=COMGFB2GBKDVYBDD&lid=LSTCOMGFB2GBKDVYBDDM2PGFI&marketplace=FLIPKART&q=laptop&store=6bo%2Fb5g&srno=s_2_43&otracker=search&otracker1=search&fm=Search&iid=1b4813e9-e4c0-4dd8-801a-3b0d12ee1586.COMGFB2GBKDVYBDD.SEARCH&ppt=sp&ppn=sp&ssid=1hacupowjk0000001737048061364&qH=312f91285e048e09,"₹74,990","₹99,900",24% off
HP Victus Intel Core i5 12th Gen - (16 GB/512 GB SSD/Windows 11 Home/4 GB Graphics/NVIDIA GeForce RTX ...,/hp-victus-intel-core-i5-12th-gen-16-gb-512-gb-ssd-windows-11-home-4-graphics-nvidia-geforce-rtx-2050-15-fa1351tx-gaming-laptop/p/itm9ad6649afe111?pid=COMHY8KVNMU2S5QQ&lid=LSTCOMHY8KVNMU2S5QQSFQYGS&marketplace=FLIPKART&q=laptop&store=6bo%2Fb5g&srno=s_2_44&otracker=search&otracker1=search&fm=Search&iid=1b4813e9-e4c0-4dd8-801a-3b0d12ee1586.COMHY8KVNMU2S5QQ.SEARCH&ppt=sp&ppn=sp&ssid=1hacupowjk0000001737048061364&qH=312f91285e048e09,"₹57,990","₹76,354",24% off
HP Victus Intel Core i5 12th Gen 12450H - (8 GB/512 GB SSD/Windows 11 Home/4 GB Graphics/NVIDIA GeForc...,/hp-victus-intel-core-i5-12th-gen-12450h-8-gb-512-gb-ssd-windows-11-home-4-graphics-nvidia-geforce-rtx-2050-15-fa1226tx-gaming-laptop/p/itm9ad6649afe111?pid=COMHY8KVEKZVERUA&lid=LSTCOMHY8KVEKZVERUADILR5M&marketplace=FLIPKART&q=laptop&store=6bo%2Fb5g&srno=s_2_45&otracker=search&otracker1=search&fm=Search&iid=1b4813e9-e4c0-4dd8-801a-3b0d12ee1586.COMHY8KVEKZVERUA.SEARCH&ppt=sp&ppn=sp&ssid=1hacupowjk0000001737048061364&qH=312f91285e048e09,"₹56,990","₹72,718",21% off
MSI Modern 15 Intel Core i5 12th Gen 1235U - (8 GB/512 GB SSD/Windows 11 Home) Modern 15 B12MO-818IN T...,/msi-modern-15-intel-core-i5-12th-gen-1235u-8-gb-512-gb-ssd-windows-11-home-b12mo-818in-thin-light-laptop/p/itm60c14709fdf3b?pid=COMGYSFGFM3JTHZG&lid=LSTCOMGYSFGFM3JTHZGFJZCCG&marketplace=FLIPKART&q=laptop&store=6bo%2Fb5g&srno=s_2_46&otracker=search&otracker1=search&fm=Search&iid=1b4813e9-e4c0-4dd8-801a-3b0d12ee1586.COMGYSFGFM3JTHZG.SEARCH&ppt=sp&ppn=sp&ssid=1hacupowjk0000001737048061364&qH=312f91285e048e09,"₹38,990","₹54,990",29% off
Apple MacBook AIR Apple M2 - (8 GB/512 GB SSD/Mac OS Monterey) MLY03HN/A,/apple-macbook-air-m2-8-gb-512-gb-ssd-mac-os-monterey-mly03hn-a/p/itm6533ea968a81e?pid=COMGFB2GTM7MMJYN&lid=LSTCOMGFB2GTM7MMJYNUXK7ES&marketplace=FLIPKART&q=laptop&store=6bo%2Fb5g&srno=s_2_47&otracker=search&otracker1=search&fm=Search&iid=1b4813e9-e4c0-4dd8-801a-3b0d12ee1586.COMGFB2GTM7MMJYN.SEARCH&ppt=sp&ppn=sp&ssid=1hacupowjk0000001737048061364&qH=312f91285e048e09,"₹85,990","₹1,19,900",28% off
HP Laptop Intel Core i3 12th Gen 1215U - (8 GB/256 GB SSD/Windows 11 Home) 15s-fy5010TU Thin and Light...,/hp-laptop-intel-core-i3-12th-gen-1215u-8-gb-256-gb-ssd-windows-11-home-15s-fy5010tu-thin-light/p/itm513a135df4d30?pid=COMHF6WAYQWPTFRS&lid=LSTCOMHF6WAYQWPTFRSK8OU9L&marketplace=FLIPKART&q=laptop&store=6bo%2Fb5g&srno=s_2_48&otracker=search&otracker1=search&fm=Search&iid=1b4813e9-e4c0-4dd8-801a-3b0d12ee1586.COMHF6WAYQWPTFRS.SEARCH&ppt=sp&ppn=sp&ssid=1hacupowjk0000001737048061364&qH=312f91285e048e09,"₹31,990","₹46,709",31% off
MSI Modern 15 Intel Core i3 12th Gen 1215U - (16 GB/512 GB SSD/Windows 11 Home) Modern 15 B12MO-612IN ...,/msi-modern-15-intel-core-i3-12th-gen-1215u-16-gb-512-gb-ssd-windows-11-home-b12mo-612in-thin-light-laptop/p/itm60c14709fdf3b?pid=COMGYSFGT7MCYFJX&lid=LSTCOMGYSFGT7MCYFJXIDLSMH&marketplace=FLIPKART&q=laptop&store=6bo%2Fb5g&srno=s_3_49&otracker=search&otracker1=search&fm=Search&iid=ebb3e264-188b-476f-87b5-1b8f891c7970.COMGYSFGT7MCYFJX.SEARCH&ppt=sp&ppn=sp&ssid=xp5s5g3klc0000001737048069947&qH=312f91285e048e09,"₹34,499","₹48,990",29% off
Apple MacBook AIR Apple M2 - (8 GB/256 GB SSD/Mac OS Monterey) MLXY3HN/A,/apple-macbook-air-m2-8-gb-256-gb-ssd-mac-os-monterey-mlxy3hn-a/p/itm6533ea968a81e?pid=COMGFB2GWHPVFMJW&lid=LSTCOMGFB2GWHPVFMJWCYOKC8&marketplace=FLIPKART&q=laptop&store=6bo%2Fb5g&srno=s_3_50&otracker=search&otracker1=search&fm=Search&iid=ebb3e264-188b-476f-87b5-1b8f891c7970.COMGFB2GWHPVFMJW.SEARCH&ppt=sp&ppn=sp&ssid=xp5s5g3klc0000001737048069947&qH=312f91285e048e09,"₹74,990","₹99,900",24% off
Lenovo ThinkPad E14 AMD Ryzen 5 Hexa Core 7530U - (8 GB/512 GB SSD/Windows 11 Home) TP E14 Gen 5 Thin ...,/lenovo-thinkpad-e14-amd-ryzen-5-hexa-core-7530u-8-gb-512-gb-ssd-windows-11-home-tp-gen-thin-light-laptop/p/itmbbd4542d7f75b?pid=COMGQRD7RWHUM9QH&lid=LSTCOMGQRD7RWHUM9QHQAU0RT&marketplace=FLIPKART&q=laptop&store=6bo%2Fb5g&srno=s_1_6&otracker=search&otracker1=search&iid=en_pXa8_w-ebATcRPemtSrHcBLSC3szdNxkfrp9321zI_T8kIBiWvAZL9EkvSh8DIXM-RCnD8yFYYbbHd_1RaHt6_UFjCTyOHoHZs-Z5_PS_w0%3D&ssid=8vtb4m2vsg0000001737048052315&qH=312f91285e048e09,"₹48,990","₹91,966",46% off
MSI Modern 15 Intel Core i7 12th Gen 1255U - (16 GB/1 TB SSD/Windows 11 Home) Modern 15 B12MO-815IN Th...,/msi-modern-15-intel-core-i7-12th-gen-1255u-16-gb-1-tb-ssd-windows-11-home-b12mo-815in-thin-light-laptop/p/itm60c14709fdf3b?pid=COMGYSFGGFGVCRWY&lid=LSTCOMGYSFGGFGVCRWYZ6TUZB&marketplace=FLIPKART&q=laptop&store=6bo%2Fb5g&srno=s_3_51&otracker=search&otracker1=search&fm=Search&iid=ebb3e264-188b-476f-87b5-1b8f891c7970.COMGYSFGGFGVCRWY.SEARCH&ppt=sp&ppn=sp&ssid=xp5s5g3klc0000001737048069947&qH=312f91285e048e09,"₹54,990","₹68,990",20% off
Apple MacBook AIR Apple M2 - (8 GB/512 GB SSD/Mac OS Monterey) MLY23HN/A,/apple-macbook-air-m2-8-gb-512-gb-ssd-mac-os-monterey-mly23hn-a/p/itmd65f6b189fc7b?pid=COMGFB2GQPT52CK3&lid=LSTCOMGFB2GQPT52CK37FYXJM&marketplace=FLIPKART&q=laptop&store=6bo%2Fb5g&srno=s_3_52&otracker=search&otracker1=search&fm=Search&iid=ebb3e264-188b-476f-87b5-1b8f891c7970.COMGFB2GQPT52CK3.SEARCH&ppt=sp&ppn=sp&ssid=xp5s5g3klc0000001737048069947&qH=312f91285e048e09,"₹85,990","₹1,19,900",28% off
Acer Swift Go 14 AMD Ryzen 5 Hexa Core 7430U - (16 GB/512 GB SSD/Windows 11 Home) SFG14-41-R6G9 Thin a...,/acer-swift-go-14-amd-ryzen-5-hexa-core-7430u-16-gb-512-gb-ssd-windows-11-home-sfg14-41-r6g9-thin-light-laptop/p/itm52551833a1d42?pid=COMH3GFNKMHJEBYF&lid=LSTCOMH3GFNKMHJEBYFYBAVSV&marketplace=FLIPKART&q=laptop&store=6bo%2Fb5g&srno=s_3_53&otracker=search&otracker1=search&fm=Search&iid=ebb3e264-188b-476f-87b5-1b8f891c7970.COMH3GFNKMHJEBYF.SEARCH&ppt=sp&ppn=sp&ssid=xp5s5g3klc0000001737048069947&qH=312f91285e048e09,"₹37,990","₹69,999",45% off
MSI Modern 14 Intel Core i5 12th Gen 1235U - (16 GB/512 GB SSD/Windows 11 Home) Modern 14 C12MO-1212IN...,/msi-modern-14-intel-core-i5-12th-gen-1235u-16-gb-512-gb-ssd-windows-11-home-c12mo-1212in-business-laptop/p/itm60c14709fdf3b?pid=COMHYWTJE2BSGGJV&lid=LSTCOMHYWTJE2BSGGJV95JWUA&marketplace=FLIPKART&q=laptop&store=6bo%2Fb5g&srno=s_3_54&otracker=search&otracker1=search&fm=Search&iid=ebb3e264-188b-476f-87b5-1b8f891c7970.COMHYWTJE2BSGGJV.SEARCH&ppt=sp&ppn=sp&ssid=xp5s5g3klc0000001737048069947&qH=312f91285e048e09,"₹35,990","₹52,990",32% off
ASUS TUF Gaming F17 - AI Powered Gaming Intel Core i5 11th Gen 11400H - (16 GB/512 GB SSD/Windows 11 H...,/asus-tuf-gaming-f17-ai-powered-intel-core-i5-11th-gen-11400h-16-gb-512-gb-ssd-windows-11-home-4-graphics-nvidia-geforce-rtx-2050-70-w-fx706hf-ny040w-laptop/p/itm5b135cad5c8a9?pid=COMHY74JXH3KZRWM&lid=LSTCOMHY74JXH3KZRWMLLMJRL&marketplace=FLIPKART&q=laptop&store=6bo%2Fb5g&srno=s_3_55&otracker=search&otracker1=search&fm=Search&iid=ebb3e264-188b-476f-87b5-1b8f891c7970.COMHY74JXH3KZRWM.SEARCH&ppt=sp&ppn=sp&ssid=xp5s5g3klc0000001737048069947&qH=312f91285e048e09,"₹50,990","₹85,990",40% off
ASUS X1504ZA Intel Core i3 12th Gen 12th Gen Intel Core i3-1215U - (8 GB/512 GB SSD/Windows 11 Home) X...,/asus-x1504za-intel-core-i3-12th-gen-i3-1215u-8-gb-512-gb-ssd-windows-11-home-x1504za-nj322ws-thin-light-laptop/p/itm200184e4e0443?pid=COMGT2RFWFYDGZJQ&lid=LSTCOMGT2RFWFYDGZJQH8NAKX&marketplace=FLIPKART&q=laptop&store=6bo%2Fb5g&srno=s_3_56&otracker=search&otracker1=search&fm=Search&iid=ebb3e264-188b-476f-87b5-1b8f891c7970.COMGT2RFWFYDGZJQ.SEARCH&ppt=sp&ppn=sp&ssid=xp5s5g3klc0000001737048069947&qH=312f91285e048e09,"₹31,320","₹54,990",43% off
ASUS Vivobook 15 Intel Core i5 12th Gen 1235U - (8 GB/512 GB SSD/Windows 11 Home) X1504ZA-NJ521WS|X150...,/asus-vivobook-15-intel-core-i5-12th-gen-1235u-8-gb-512-gb-ssd-windows-11-home-x1504za-nj521ws-x1504za-nj520ws-x1504za-nj528ws-thin-light-laptop/p/itmff0e170cb596e?pid=COMHYWSWMFQQBCG3&lid=LSTCOMHYWSWMFQQBCG3ZA9JEY&marketplace=FLIPKART&q=laptop&store=6bo%2Fb5g&srno=s_3_57&otracker=search&otracker1=search&fm=Search&iid=ebb3e264-188b-476f-87b5-1b8f891c7970.COMHYWSWMFQQBCG3.SEARCH&ppt=sp&ppn=sp&ssid=xp5s5g3klc0000001737048069947&qH=312f91285e048e09,"₹41,990","₹69,990",40% off
ASUS Vivobook Go 15 AMD Ryzen 5 Quad Core 7520U - (8 GB/512 GB SSD/Windows 11 Home) E1504FA-NJ521WS Th...,/asus-vivobook-go-15-amd-ryzen-5-quad-core-7520u-8-gb-512-gb-ssd-windows-11-home-e1504fa-nj521ws-thin-light-laptop/p/itmf2da9c7085e1b?pid=COMGNRNUKRMMXNZQ&lid=LSTCOMGNRNUKRMMXNZQYSOFRK&marketplace=FLIPKART&q=laptop&store=6bo%2Fb5g&srno=s_3_58&otracker=search&otracker1=search&fm=Search&iid=ebb3e264-188b-476f-87b5-1b8f891c7970.COMGNRNUKRMMXNZQ.SEARCH&ppt=sp&ppn=sp&ssid=xp5s5g3klc0000001737048069947&qH=312f91285e048e09,"₹34,990","₹66,990",47% off
Acer Swift Go 14 AMD Ryzen 7 Octa Core 7730U - (16 GB/512 GB SSD/Windows 11 Home) SFG14-41 Thin and Li...,/acer-swift-go-14-amd-ryzen-7-octa-core-7730u-16-gb-512-gb-ssd-windows-11-home-sfg14-41-thin-light-laptop/p/itm52551833a1d42?pid=COMH3GFNZZGQTAEW&lid=LSTCOMH3GFNZZGQTAEWMUOVHC&marketplace=FLIPKART&q=laptop&store=6bo%2Fb5g&srno=s_3_59&otracker=search&otracker1=search&fm=Search&iid=ebb3e264-188b-476f-87b5-1b8f891c7970.COMH3GFNZZGQTAEW.SEARCH&ppt=sp&ppn=sp&ssid=xp5s5g3klc0000001737048069947&qH=312f91285e048e09,"₹46,990","₹79,999",41% off
Acer Swift Go 14 AMD Ryzen 7 Octa Core 7730U - (16 GB/1 TB SSD/Windows 11 Home) SFG14-41 Thin and Ligh...,/acer-swift-go-14-amd-ryzen-7-octa-core-7730u-16-gb-1-tb-ssd-windows-11-home-sfg14-41-thin-light-laptop/p/itm52551833a1d42?pid=COMH3GFNEFQMQJHV&lid=LSTCOMH3GFNEFQMQJHVV7GSRK&marketplace=FLIPKART&q=laptop&store=6bo%2Fb5g&srno=s_3_60&otracker=search&otracker1=search&fm=Search&iid=ebb3e264-188b-476f-87b5-1b8f891c7970.COMH3GFNEFQMQJHV.SEARCH&ppt=sp&ppn=sp&ssid=xp5s5g3klc0000001737048069947&qH=312f91285e048e09,"₹50,990","₹84,999",40% off
DELL 15 AMD Ryzen 3 Quad Core 7320U - (8 GB/512 GB SSD/Windows 11 Home) Inspiron 3535 Thin and Light L...,/dell-15-amd-ryzen-3-quad-core-7320u-8-gb-512-gb-ssd-windows-11-home-inspiron-3535-thin-light-laptop/p/itm58c1d8a904449?pid=COMH5PBYWQTDJGQG&lid=LSTCOMH5PBYWQTDJGQGV27I7I&marketplace=FLIPKART&q=laptop&store=6bo%2Fb5g&srno=s_1_7&otracker=search&otracker1=search&iid=cd231a70-ae00-46d8-9c45-f789f1ae1331.COMH5PBYWQTDJGQG.SEARCH&ssid=8vtb4m2vsg0000001737048052315&qH=312f91285e048e09,"₹29,990","₹38,747",22% off
ASUS TUF Gaming F17 - AI Powered Gaming Intel Core i5 11th Gen 11400H - (8 GB/512 GB SSD/Windows 11 Ho...,/asus-tuf-gaming-f17-ai-powered-intel-core-i5-11th-gen-11400h-8-gb-512-gb-ssd-windows-11-home-4-graphics-nvidia-geforce-rtx-2050-144-hz-70-tgp-fx706hf-hx018w-laptop/p/itm5b135cad5c8a9?pid=COMGZKHQVMNZXEAH&lid=LSTCOMGZKHQVMNZXEAHYLRJ6N&marketplace=FLIPKART&q=laptop&store=6bo%2Fb5g&srno=s_3_61&otracker=search&otracker1=search&fm=Search&iid=ebb3e264-188b-476f-87b5-1b8f891c7970.COMGZKHQVMNZXEAH.SEARCH&ppt=sp&ppn=sp&ssid=xp5s5g3klc0000001737048069947&qH=312f91285e048e09,"₹47,990","₹77,990",38% off
HP Victus AI Powered AMD Ryzen 7 Octa Core 7840HS - (16 GB/512 GB SSD/Windows 11 Home/6 GB Graphics/NV...,/hp-victus-ai-powered-amd-ryzen-7-octa-core-7840hs-16-gb-512-gb-ssd-windows-11-home-6-graphics-nvidia-geforce-rtx-3050-16-s0095ax-gaming-laptop/p/itm64ae9ddc2dec6?pid=COMGS2XZGZHEJEZG&lid=LSTCOMGS2XZGZHEJEZGXWFBYW&marketplace=FLIPKART&q=laptop&store=6bo%2Fb5g&srno=s_3_62&otracker=search&otracker1=search&fm=Search&iid=ebb3e264-188b-476f-87b5-1b8f891c7970.COMGS2XZGZHEJEZG.SEARCH&ppt=sp&ppn=sp&ssid=xp5s5g3klc0000001737048069947&qH=312f91285e048e09,"₹75,990","₹96,136",20% off
Lenovo IdeaPad Slim 3 Intel Core i5 13th Gen 13420H - (16 GB/512 GB SSD/Windows 11 Home) 15IRH8 Thin a...,/lenovo-ideapad-slim-3-intel-core-i5-13th-gen-13420h-16-gb-512-gb-ssd-windows-11-home-15irh8-thin-light-laptop/p/itm76f0e5d975817?pid=COMGVQ2YB9SU8KMF&lid=LSTCOMGVQ2YB9SU8KMF2MGQ5W&marketplace=FLIPKART&q=laptop&store=6bo%2Fb5g&srno=s_3_63&otracker=search&otracker1=search&fm=Search&iid=ebb3e264-188b-476f-87b5-1b8f891c7970.COMGVQ2YB9SU8KMF.SEARCH&ppt=sp&ppn=sp&ssid=xp5s5g3klc0000001737048069947&qH=312f91285e048e09,"₹52,970","₹81,890",35% off
Lenovo IdeaPad Slim 3 Intel Core i5 12th Gen 12450H - (8 GB/512 GB SSD/Windows 11 Home) 15IAH8 Thin an...,/lenovo-ideapad-slim-3-intel-core-i5-12th-gen-12450h-8-gb-512-gb-ssd-windows-11-home-15iah8-thin-light-laptop/p/itm76f0e5d975817?pid=COMH44PGGQEJWKVN&lid=LSTCOMH44PGGQEJWKVNEHM4E2&marketplace=FLIPKART&q=laptop&store=6bo%2Fb5g&srno=s_3_64&otracker=search&otracker1=search&fm=Search&iid=ebb3e264-188b-476f-87b5-1b8f891c7970.COMH44PGGQEJWKVN.SEARCH&ppt=sp&ppn=sp&ssid=xp5s5g3klc0000001737048069947&qH=312f91285e048e09,"₹46,990","₹68,790",31% off
Lenovo Intel Core i7 12th Gen 1255U - (16 GB/512 GB SSD/Windows 11 Home) V15 G3 IAP Thin and Light Lap...,/lenovo-intel-core-i7-12th-gen-1255u-16-gb-512-gb-ssd-windows-11-home-v15-g3-iap-thin-light-laptop/p/itm930d2b10f8362?pid=COMGTVXCHXKNHYY2&lid=LSTCOMGTVXCHXKNHYY2LLFEDL&marketplace=FLIPKART&q=laptop&store=6bo%2Fb5g&srno=s_3_65&otracker=search&otracker1=search&fm=Search&iid=ebb3e264-188b-476f-87b5-1b8f891c7970.COMGTVXCHXKNHYY2.SEARCH&ppt=sp&ppn=sp&ssid=xp5s5g3klc0000001737048069947&qH=312f91285e048e09,"₹48,990","₹90,000",45% off
ASUS ExpertBook B14 Intel Core i3 12th Gen 1215U - (8 GB/512 GB SSD/Windows 11 Home) B1402CBA-NK1494WS...,/asus-expertbook-b14-intel-core-i3-12th-gen-1215u-8-gb-512-gb-ssd-windows-11-home-b1402cba-nk1494ws-thin-light-laptop/p/itm5558ba4200e57?pid=COMGZF9EYUYC52BH&lid=LSTCOMGZF9EYUYC52BHIWCC5H&marketplace=FLIPKART&q=laptop&store=6bo%2Fb5g&srno=s_3_66&otracker=search&otracker1=search&fm=Search&iid=ebb3e264-188b-476f-87b5-1b8f891c7970.COMGZF9EYUYC52BH.SEARCH&ppt=sp&ppn=sp&ssid=xp5s5g3klc0000001737048069947&qH=312f91285e048e09,"₹32,990","₹50,990",35% off
"ASUS Vivobook 15, with Backlit Keyboard, Intel Core i5 12th Gen 1235U - (8 GB/512 GB SSD/Windows 11 Ho...",/asus-vivobook-15-backlit-keyboard-intel-core-i5-12th-gen-1235u-8-gb-512-gb-ssd-windows-11-home-x1504za-nj520ws-thin-light-laptop/p/itmff0e170cb596e?pid=COMH2D4GHZZGSHDP&lid=LSTCOMH2D4GHZZGSHDPPOYP5X&marketplace=FLIPKART&q=laptop&store=6bo%2Fb5g&srno=s_3_67&otracker=search&otracker1=search&fm=Search&iid=ebb3e264-188b-476f-87b5-1b8f891c7970.COMH2D4GHZZGSHDP.SEARCH&ppt=sp&ppn=sp&ssid=xp5s5g3klc0000001737048069947&qH=312f91285e048e09,"₹41,990","₹69,990",40% off
Lenovo IdeaPad Slim 3 Backlit Intel Core i5 12th Gen 12450H - (16 GB/512 GB SSD/Windows 11 Home) 15IAH...,/lenovo-ideapad-slim-3-backlit-intel-core-i5-12th-gen-12450h-16-gb-512-gb-ssd-windows-11-home-15iah8-thin-light-laptop/p/itm76f0e5d975817?pid=COMGVQ2Y3ENU2RNV&lid=LSTCOMGVQ2Y3ENU2RNV6DRZRD&marketplace=FLIPKART&q=laptop&store=6bo%2Fb5g&srno=s_3_68&otracker=search&otracker1=search&fm=Search&iid=ebb3e264-188b-476f-87b5-1b8f891c7970.COMGVQ2Y3ENU2RNV.SEARCH&ppt=sp&ppn=sp&ssid=xp5s5g3klc0000001737048069947&qH=312f91285e048e09,"₹49,970","₹77,490",35% off
Acer Chromebook Plus Google AI Intel Core i3 13th Gen 1315U - (8 GB/256 GB SSD/Chrome OS) CB515-2H-34Y...,/acer-chromebook-plus-google-ai-intel-core-i3-13th-gen-1315u-8-gb-256-gb-ssd-chrome-os-cb515-2h-34yl/p/itm5542cc6900ec1?pid=COMHFC9KY8AHGYD3&lid=LSTCOMHFC9KY8AHGYD3HLUHOK&marketplace=FLIPKART&q=laptop&store=6bo%2Fb5g&srno=s_3_69&otracker=search&otracker1=search&fm=Search&iid=ebb3e264-188b-476f-87b5-1b8f891c7970.COMHFC9KY8AHGYD3.SEARCH&ppt=sp&ppn=sp&ssid=xp5s5g3klc0000001737048069947&qH=312f91285e048e09,"₹20,990","₹52,999",60% off
Acer Chromebook Plus Google AI Intel Core i3 N305 - (8 GB/256 GB SSD/Chrome OS) CB514-4H-39T7 Chromebo...,/acer-chromebook-plus-google-ai-intel-core-i3-n305-8-gb-256-gb-ssd-chrome-os-cb514-4h-39t7/p/itm5542cc6900ec1?pid=COMHFC9KE39WGHMA&lid=LSTCOMHFC9KE39WGHMADEYWXV&marketplace=FLIPKART&q=laptop&store=6bo%2Fb5g&srno=s_3_70&otracker=search&otracker1=search&fm=Search&iid=ebb3e264-188b-476f-87b5-1b8f891c7970.COMHFC9KE39WGHMA.SEARCH&ppt=sp&ppn=sp&ssid=xp5s5g3klc0000001737048069947&qH=312f91285e048e09,"₹17,990","₹49,999",64% off
Lenovo V14 Intel Core i5 12th Gen 1235U - (16 GB/512 GB SSD/Windows 11 Home) V 14 Thin and Light Lapto...,/lenovo-v14-intel-core-i5-12th-gen-1235u-16-gb-512-gb-ssd-windows-11-home-v-14-thin-light-laptop/p/itme87a00a2ff6c2?pid=COMH76FG3MCSNRDV&lid=LSTCOMH76FG3MCSNRDVLPKIMX&marketplace=FLIPKART&q=laptop&store=6bo%2Fb5g&srno=s_1_8&otracker=search&otracker1=search&iid=cd231a70-ae00-46d8-9c45-f789f1ae1331.COMH76FG3MCSNRDV.SEARCH&ssid=8vtb4m2vsg0000001737048052315&qH=312f91285e048e09,"₹36,590","₹41,990",12% off
"ASUS Vivobook 16X for Creator, Intel Core i5 12th Gen 12500H - (16 GB/512 GB SSD/Windows 11 Home/4 GB ...",/asus-vivobook-16x-creator-intel-core-i5-12th-gen-12500h-16-gb-512-gb-ssd-windows-11-home-4-graphics-nvidia-geforce-rtx-2050-k3605zf-rp258ws-gaming-laptop/p/itmd896b82bffaef?pid=COMH2XBQ9QNGRUQ5&lid=LSTCOMH2XBQ9QNGRUQ5ZT4YVQ&marketplace=FLIPKART&q=laptop&store=6bo%2Fb5g&srno=s_3_71&otracker=search&otracker1=search&fm=Search&iid=ebb3e264-188b-476f-87b5-1b8f891c7970.COMH2XBQ9QNGRUQ5.SEARCH&ppt=sp&ppn=sp&ssid=xp5s5g3klc0000001737048069947&qH=312f91285e048e09,"₹59,990","₹77,990",23% off
Acer Chromebook Intel Celeron Dual Core N4500 - (8 GB/128 GB EMMC Storage/Chrome OS) CB314-3H-C5QE/ CB...,/acer-chromebook-intel-celeron-dual-core-n4500-8-gb-128-gb-emmc-storage-chrome-os-cb314-3h-c5qe-cb314-3h-c0bz/p/itm04458b376eefa?pid=COMGSV3G3RYBAHX4&lid=LSTCOMGSV3G3RYBAHX4RBS9WL&marketplace=FLIPKART&q=laptop&store=6bo%2Fb5g&srno=s_3_72&otracker=search&otracker1=search&fm=Search&iid=ebb3e264-188b-476f-87b5-1b8f891c7970.COMGSV3G3RYBAHX4.SEARCH&ppt=sp&ppn=sp&ssid=xp5s5g3klc0000001737048069947&qH=312f91285e048e09,"₹15,990","₹33,999",52% off
MSI Modern 15 Intel Core i3 12th Gen 1215U - (8 GB/512 GB SSD/Windows 11 Home) Modern 15 B12MO Busines...,/msi-modern-15-intel-core-i3-12th-gen-1215u-8-gb-512-gb-ssd-windows-11-home-b12mo-business-laptop/p/itm60c14709fdf3b?pid=COMHYWTJHENNCRGX&lid=LSTCOMHYWTJHENNCRGXEJC0WA&marketplace=FLIPKART&q=laptop&store=6bo%2Fb5g&srno=s_4_73&otracker=search&otracker1=search&fm=Search&iid=cef3f6ae-02a2-45f4-ba2a-1c9141b3261e.COMHYWTJHENNCRGX.SEARCH&ppt=sp&ppn=sp&ssid=lmial0n79s0000001737048078121&qH=312f91285e048e09,"₹33,990","₹48,990",30% off
"ASUS Vivobook 15, with Backlit Keyboard, Intel Core i5 13th Gen 1335U - (8 GB/512 GB SSD/Windows 11 Ho...",/asus-vivobook-15-backlit-keyboard-intel-core-i5-13th-gen-1335u-8-gb-512-gb-ssd-windows-11-home-x1504va-nj521ws-thin-light-laptop/p/itmff0e170cb596e?pid=COMGZDQJ8RVSQZE8&lid=LSTCOMGZDQJ8RVSQZE8G3WDIQ&marketplace=FLIPKART&q=laptop&store=6bo%2Fb5g&srno=s_4_74&otracker=search&otracker1=search&fm=Search&iid=cef3f6ae-02a2-45f4-ba2a-1c9141b3261e.COMGZDQJ8RVSQZE8.SEARCH&ppt=sp&ppn=sp&ssid=lmial0n79s0000001737048078121&qH=312f91285e048e09,"₹45,990","₹74,990",38% off
Lenovo V15 AMD Ryzen 7 Octa Core 7730U - (16 GB/512 GB SSD/Windows 11 Home) v15 G4 Business Laptop,/lenovo-v15-amd-ryzen-7-octa-core-7730u-16-gb-512-gb-ssd-windows-11-home-g4-business-laptop/p/itmdcccd5f5d1865?pid=COMGZXHQZQPQ2R8D&lid=LSTCOMGZXHQZQPQ2R8DUQDQIP&marketplace=FLIPKART&q=laptop&store=6bo%2Fb5g&srno=s_4_75&otracker=search&otracker1=search&fm=Search&iid=cef3f6ae-02a2-45f4-ba2a-1c9141b3261e.COMGZXHQZQPQ2R8D.SEARCH&ppt=sp&ppn=sp&ssid=lmial0n79s0000001737048078121&qH=312f91285e048e09,"₹39,690","₹50,000",20% off
ASUS Vivobook 15 Intel Core i3 13th Gen 1315U - (8 GB/512 GB SSD/Windows 11 Home) X1504VA-NJ324WS Thin...,/asus-vivobook-15-intel-core-i3-13th-gen-1315u-8-gb-512-gb-ssd-windows-11-home-x1504va-nj324ws-thin-light-laptop/p/itm200184e4e0443?pid=COMGZDQJ4BZDZRXP&lid=LSTCOMGZDQJ4BZDZRXPVGREH0&marketplace=FLIPKART&q=laptop&store=6bo%2Fb5g&srno=s_4_76&otracker=search&otracker1=search&fm=Search&iid=cef3f6ae-02a2-45f4-ba2a-1c9141b3261e.COMGZDQJ4BZDZRXP.SEARCH&ppt=sp&ppn=sp&ssid=lmial0n79s0000001737048078121&qH=312f91285e048e09,"₹37,990","₹57,990",34% off
HP Intel Core i5 13th Gen 1334U - (16 GB/512 GB SSD/Windows 11 Home) 15-fd0315TU Thin and Light Laptop,/hp-intel-core-i5-13th-gen-1334u-16-gb-512-gb-ssd-windows-11-home-15-fd0315tu-thin-light-laptop/p/itm01c07721bb10b?pid=COMH2FFGSTXTR8ZB&lid=LSTCOMH2FFGSTXTR8ZBNMPF3U&marketplace=FLIPKART&q=laptop&store=6bo%2Fb5g&srno=s_4_77&otracker=search&otracker1=search&fm=Search&iid=cef3f6ae-02a2-45f4-ba2a-1c9141b3261e.COMH2FFGSTXTR8ZB.SEARCH&ppt=sp&ppn=sp&ssid=lmial0n79s0000001737048078121&qH=312f91285e048e09,"₹53,990","₹71,773",24% off
DELL Intel Core i3 13th Gen - (8 GB/512 GB SSD/Windows 11 Home) 3530 Thin and Light Laptop,/dell-intel-core-i3-13th-gen-8-gb-512-gb-ssd-windows-11-home-3530-thin-light-laptop/p/itme37811760d94c?pid=COMGQN94CKCN3EYH&lid=LSTCOMGQN94CKCN3EYHI6XXHR&marketplace=FLIPKART&q=laptop&store=6bo%2Fb5g&srno=s_4_78&otracker=search&otracker1=search&fm=Search&iid=cef3f6ae-02a2-45f4-ba2a-1c9141b3261e.COMGQN94CKCN3EYH.SEARCH&ppt=sp&ppn=sp&ssid=lmial0n79s0000001737048078121&qH=312f91285e048e09,"₹37,980","₹51,759",26% off
Acer Aspire 3 Intel Celeron Dual Core N4500 - (8 GB/256 GB SSD/Windows 11 Home) A324-45 Thin and Light...,/acer-aspire-3-intel-celeron-dual-core-n4500-8-gb-256-gb-ssd-windows-11-home-a324-45-thin-light-laptop/p/itmbbfe217e40d59?pid=COMHFZYZHA5YJHS3&lid=LSTCOMHFZYZHA5YJHS30OEKLM&marketplace=FLIPKART&q=laptop&store=6bo%2Fb5g&srno=s_4_79&otracker=search&otracker1=search&fm=Search&iid=cef3f6ae-02a2-45f4-ba2a-1c9141b3261e.COMHFZYZHA5YJHS3.SEARCH&ppt=sp&ppn=sp&ssid=lmial0n79s0000001737048078121&qH=312f91285e048e09,"₹20,990","₹29,999",30% off
HP Intel Core Ultra 5 125H - (16 GB/512 GB SSD/Windows 11 Home) 14-gr1022TU Thin and Light Laptop,/hp-intel-core-ultra-5-125h-16-gb-512-gb-ssd-windows-11-home-14-gr1022tu-thin-light-laptop/p/itm0864cb6a1844f?pid=COMH28U4EWYZWJ45&lid=LSTCOMH28U4EWYZWJ45A2SCNZ&marketplace=FLIPKART&q=laptop&store=6bo%2Fb5g&srno=s_4_80&otracker=search&otracker1=search&fm=Search&iid=cef3f6ae-02a2-45f4-ba2a-1c9141b3261e.COMH28U4EWYZWJ45.SEARCH&ppt=sp&ppn=sp&ssid=lmial0n79s0000001737048078121&qH=312f91285e048e09,"₹67,990","₹81,894",16% off
SAMSUNG Galaxy Book4 Intel Core i5 13th Gen 1335U - (16 GB/512 GB SSD/Windows 11 Home) NP750XGJ-KG2IN ...,/samsung-galaxy-book4-intel-core-i5-13th-gen-1335u-16-gb-512-gb-ssd-windows-11-home-np750xgj-kg2in-np750xgj-lg2in-thin-light-laptop/p/itm820dc496ef160?pid=COMGZUYDGFJGHZR4&lid=LSTCOMGZUYDGFJGHZR4JPVIN2&marketplace=FLIPKART&q=laptop&store=6bo%2Fb5g&srno=s_1_9&otracker=search&otracker1=search&iid=cd231a70-ae00-46d8-9c45-f789f1ae1331.COMGZUYDGFJGHZR4.SEARCH&ssid=8vtb4m2vsg0000001737048052315&qH=312f91285e048e09,"₹60,990","₹82,789",26% off
"DELL Inspiron 15 with Backlit Keyboard, Intel Core i5 12th Gen 1235U - (8 GB/512 GB SSD/Windows 11 Hom...",/dell-inspiron-15-backlit-keyboard-intel-core-i5-12th-gen-1235u-8-gb-512-gb-ssd-windows-11-home-new-laptop-thin-light/p/itm23d84e15561c4?pid=COMGJ75HN66KHZYB&lid=LSTCOMGJ75HN66KHZYBDFGBW0&marketplace=FLIPKART&q=laptop&store=6bo%2Fb5g&srno=s_4_81&otracker=search&otracker1=search&fm=Search&iid=cef3f6ae-02a2-45f4-ba2a-1c9141b3261e.COMGJ75HN66KHZYB.SEARCH&ppt=sp&ppn=sp&ssid=lmial0n79s0000001737048078121&qH=312f91285e048e09,"₹44,890","₹65,973",31% off
DELL Intel Core i3 13th Gen 1305U - (8 GB/512 GB SSD/Windows 11 Home) Inspiron 3530 Thin and Light Lap...,/dell-intel-core-i3-13th-gen-1305u-8-gb-512-gb-ssd-windows-11-home-inspiron-3530-thin-light-laptop/p/itm23d84e15561c4?pid=COMGWFY5XBAQKMGP&lid=LSTCOMGWFY5XBAQKMGPDTWUSR&marketplace=FLIPKART&q=laptop&store=6bo%2Fb5g&srno=s_4_82&otracker=search&otracker1=search&fm=Search&iid=cef3f6ae-02a2-45f4-ba2a-1c9141b3261e.COMGWFY5XBAQKMGP.SEARCH&ppt=sp&ppn=sp&ssid=lmial0n79s0000001737048078121&qH=312f91285e048e09,"₹38,480","₹48,827",21% off
ASUS Vivobook 15 Intel Core i5 12th Gen 1235U - (16 GB/512 GB SSD/Windows 11 Home) X1504ZA-NJ549WS Thi...,/asus-vivobook-15-intel-core-i5-12th-gen-1235u-16-gb-512-gb-ssd-windows-11-home-x1504za-nj549ws-thin-light-laptop/p/itmff0e170cb596e?pid=COMHYG8ZPYAZAFTY&lid=LSTCOMHYG8ZPYAZAFTYUFI8OO&marketplace=FLIPKART&q=laptop&store=6bo%2Fb5g&srno=s_4_83&otracker=search&otracker1=search&fm=Search&iid=cef3f6ae-02a2-45f4-ba2a-1c9141b3261e.COMHYG8ZPYAZAFTY.SEARCH&ppt=sp&ppn=sp&ssid=lmial0n79s0000001737048078121&qH=312f91285e048e09,"₹44,990","₹66,990",32% off
Lenovo Chromebook MediaTek Kompanio 520 - (4 GB/128 GB EMMC Storage/Chrome OS) 14M868 Chromebook,/lenovo-chromebook-mediatek-kompanio-520-4-gb-128-gb-emmc-storage-chrome-os-14m868/p/itm4dc67999fe3de?pid=COMGSYYSHRSUEGMG&lid=LSTCOMGSYYSHRSUEGMGL82DZU&marketplace=FLIPKART&q=laptop&store=6bo%2Fb5g&srno=s_4_84&otracker=search&otracker1=search&fm=Search&iid=cef3f6ae-02a2-45f4-ba2a-1c9141b3261e.COMGSYYSHRSUEGMG.SEARCH&ppt=sp&ppn=sp&ssid=lmial0n79s0000001737048078121&qH=312f91285e048e09,"₹14,990","₹28,690",47% off
ASUS TUF Gaming A15 AMD Ryzen 7 Octa Core 7435HS - (16 GB/512 GB SSD/Windows 11 Home/4 GB Graphics/NVI...,/asus-tuf-gaming-a15-amd-ryzen-7-octa-core-7435hs-16-gb-512-gb-ssd-windows-11-home-4-graphics-nvidia-geforce-rtx-3050-fa566ncr-hn075w-laptop/p/itm10514ecd2a794?pid=COMHFT2NY5V7RCMK&lid=LSTCOMHFT2NY5V7RCMKJW0ZPL&marketplace=FLIPKART&q=laptop&store=6bo%2Fb5g&srno=s_4_85&otracker=search&otracker1=search&fm=Search&iid=cef3f6ae-02a2-45f4-ba2a-1c9141b3261e.COMHFT2NY5V7RCMK.SEARCH&ppt=sp&ppn=sp&ssid=lmial0n79s0000001737048078121&qH=312f91285e048e09,"₹63,990","₹86,990",26% off
"ASUS Vivobook 16X for Creator, Intel Core i5 12th Gen 12500H - (8 GB/512 GB SSD/Windows 11 Home/4 GB G...",/asus-vivobook-16x-creator-intel-core-i5-12th-gen-12500h-8-gb-512-gb-ssd-windows-11-home-4-graphics-nvidia-geforce-rtx-2050-k3605zf-rp258w-gaming-laptop/p/itmd896b82bffaef?pid=COMH2XBQJJDTAFVE&lid=LSTCOMH2XBQJJDTAFVEP9L5VG&marketplace=FLIPKART&q=laptop&store=6bo%2Fb5g&srno=s_4_86&otracker=search&otracker1=search&fm=Search&iid=cef3f6ae-02a2-45f4-ba2a-1c9141b3261e.COMH2XBQJJDTAFVE.SEARCH&ppt=sp&ppn=sp&ssid=lmial0n79s0000001737048078121&qH=312f91285e048e09,"₹54,990","₹71,990",23% off
Acer Swift Go 14 TouchScreen AI PC Intel Core Ultra 5 125H - (16 GB/512 GB SSD/Windows 11 Home) SFG14-...,/acer-swift-go-14-touchscreen-ai-pc-intel-core-ultra-5-125h-16-gb-512-gb-ssd-windows-11-home-sfg14-73t-58pz-thin-light-laptop/p/itm174fc1bfd505f?pid=COMGZH2UKZZXYGSA&lid=LSTCOMGZH2UKZZXYGSAF4SIUU&marketplace=FLIPKART&q=laptop&store=6bo%2Fb5g&srno=s_4_87&otracker=search&otracker1=search&fm=Search&iid=cef3f6ae-02a2-45f4-ba2a-1c9141b3261e.COMGZH2UKZZXYGSA.SEARCH&ppt=sp&ppn=sp&ssid=lmial0n79s0000001737048078121&qH=312f91285e048e09,"₹69,990","₹92,999",24% off
ASUS TUF Gaming A15 AMD Ryzen 5 Hexa Core 7535HS - (16 GB/512 GB SSD/Windows 11 Home/4 GB Graphics/NVI...,/asus-tuf-gaming-a15-amd-ryzen-5-hexa-core-7535hs-16-gb-512-gb-ssd-windows-11-home-4-graphics-nvidia-geforce-rtx-3050-fa506nc-hn083w-laptop/p/itm10514ecd2a794?pid=COMHFK2T3KCHKAFU&lid=LSTCOMHFK2T3KCHKAFUOEIOAP&marketplace=FLIPKART&q=laptop&store=6bo%2Fb5g&srno=s_4_88&otracker=search&otracker1=search&fm=Search&iid=cef3f6ae-02a2-45f4-ba2a-1c9141b3261e.COMHFK2T3KCHKAFU.SEARCH&ppt=sp&ppn=sp&ssid=lmial0n79s0000001737048078121&qH=312f91285e048e09,"₹58,990","₹79,990",26% off
Acer Nitro V AMD Ryzen 5 Hexa Core 7535HS - (16 GB/512 GB SSD/Windows 11 Home/6 GB Graphics/NVIDIA GeF...,/acer-nitro-v-amd-ryzen-5-hexa-core-7535hs-16-gb-512-gb-ssd-windows-11-home-6-graphics-nvidia-geforce-rtx-3050-anv15-41-gaming-laptop/p/itm6491e522f1157?pid=COMGZN7ZYP8MDPHR&lid=LSTCOMGZN7ZYP8MDPHRDVIR0H&marketplace=FLIPKART&q=laptop&store=6bo%2Fb5g&srno=s_4_89&otracker=search&otracker1=search&fm=Search&iid=cef3f6ae-02a2-45f4-ba2a-1c9141b3261e.COMGZN7ZYP8MDPHR.SEARCH&ppt=sp&ppn=sp&ssid=lmial0n79s0000001737048078121&qH=312f91285e048e09,"₹56,990","₹85,999",33% off
"ASUS Vivobook 16X for Creator, Intel Core i5 12th Gen 12500H - (16 GB/512 GB SSD/Windows 11 Home/4 GB ...",/asus-vivobook-16x-creator-intel-core-i5-12th-gen-12500h-16-gb-512-gb-ssd-windows-11-home-4-graphics-nvidia-geforce-rtx-3050-k3605zc-rp587ws-gaming-laptop/p/itmd896b82bffaef?pid=COMH2XBQ5VWHNPYW&lid=LSTCOMH2XBQ5VWHNPYW8TD9A8&marketplace=FLIPKART&q=laptop&store=6bo%2Fb5g&srno=s_4_90&otracker=search&otracker1=search&fm=Search&iid=cef3f6ae-02a2-45f4-ba2a-1c9141b3261e.COMH2XBQ5VWHNPYW.SEARCH&ppt=sp&ppn=sp&ssid=lmial0n79s0000001737048078121&qH=312f91285e048e09,"₹59,990","₹84,990",29% off
SAMSUNG Galaxy Book4 Intel Core i5 13th Gen 1335U - (8 GB/512 GB SSD/Windows 11 Home) NP750XGJ-KG1IN /...,/samsung-galaxy-book4-intel-core-i5-13th-gen-1335u-8-gb-512-gb-ssd-windows-11-home-np750xgj-kg1in-np750xgj-lg1in-thin-light-laptop/p/itm820dc496ef160?pid=COMGZUYDFZXHWYWZ&lid=LSTCOMGZUYDFZXHWYWZJ6V2KW&marketplace=FLIPKART&q=laptop&store=6bo%2Fb5g&srno=s_1_10&otracker=search&otracker1=search&iid=cd231a70-ae00-46d8-9c45-f789f1ae1331.COMGZUYDFZXHWYWZ.SEARCH&ssid=8vtb4m2vsg0000001737048052315&qH=312f91285e048e09,"₹54,990","₹78,189",29% off
Acer Nitro V AMD Ryzen 7 Octa Core 7735HS - (16 GB/512 GB SSD/Windows 11 Home/6 GB Graphics/NVIDIA GeF...,/acer-nitro-v-amd-ryzen-7-octa-core-7735hs-16-gb-512-gb-ssd-windows-11-home-6-graphics-nvidia-geforce-rtx-3050-anv15-41-gaming-laptop/p/itm6491e522f1157?pid=COMGZN7Z8V7AGTAD&lid=LSTCOMGZN7Z8V7AGTADFE4NXV&marketplace=FLIPKART&q=laptop&store=6bo%2Fb5g&srno=s_4_91&otracker=search&otracker1=search&fm=Search&iid=cef3f6ae-02a2-45f4-ba2a-1c9141b3261e.COMGZN7Z8V7AGTAD.SEARCH&ppt=sp&ppn=sp&ssid=lmial0n79s0000001737048078121&qH=312f91285e048e09,"₹65,990","₹89,999",26% off
ASUS Vivobook Go 15 AMD Ryzen 5 Quad Core 7520U - (8 GB/512 GB SSD/Windows 11 Home) E1504FA-NJ522WS Th...,/asus-vivobook-go-15-amd-ryzen-5-quad-core-7520u-8-gb-512-gb-ssd-windows-11-home-e1504fa-nj522ws-thin-light-laptop/p/itm968db504ada5b?pid=COMGMGXFHUHQE3XZ&lid=LSTCOMGMGXFHUHQE3XZVMF0VE&marketplace=FLIPKART&q=laptop&store=6bo%2Fb5g&srno=s_4_92&otracker=search&otracker1=search&fm=Search&iid=cef3f6ae-02a2-45f4-ba2a-1c9141b3261e.COMGMGXFHUHQE3XZ.SEARCH&ppt=sp&ppn=sp&ssid=lmial0n79s0000001737048078121&qH=312f91285e048e09,"₹35,990","₹66,990",46% off
ASUS Vivobook Go 15 AMD Ryzen 3 Quad Core 7320U - (8 GB/512 GB SSD/Windows 11 Home) E1504FA-NJ322WS Th...,/asus-vivobook-go-15-amd-ryzen-3-quad-core-7320u-8-gb-512-gb-ssd-windows-11-home-e1504fa-nj322ws-thin-light-laptop/p/itm968db504ada5b?pid=COMGMGXFQZGYKEZG&lid=LSTCOMGMGXFQZGYKEZGUU1BUT&marketplace=FLIPKART&q=laptop&store=6bo%2Fb5g&srno=s_4_93&otracker=search&otracker1=search&fm=Search&iid=cef3f6ae-02a2-45f4-ba2a-1c9141b3261e.COMGMGXFQZGYKEZG.SEARCH&ppt=sp&ppn=sp&ssid=lmial0n79s0000001737048078121&qH=312f91285e048e09,"₹29,990","₹50,990",41% off
ASUS Vivobook S 15 OLED Intel EVO H-Series Intel Core i5 13th Gen 13500H - (16 GB/512 GB SSD/Windows 1...,/asus-vivobook-s-15-oled-intel-evo-h-series-core-i5-13th-gen-13500h-16-gb-512-gb-ssd-windows-11-home-s5504va-ma541ws-thin-light-laptop/p/itm8486d594ff56b?pid=COMHYWSWHTGX8BWG&lid=LSTCOMHYWSWHTGX8BWGQWXJIJ&marketplace=FLIPKART&q=laptop&store=6bo%2Fb5g&srno=s_4_94&otracker=search&otracker1=search&fm=Search&iid=cef3f6ae-02a2-45f4-ba2a-1c9141b3261e.COMHYWSWHTGX8BWG.SEARCH&ppt=sp&ppn=sp&ssid=lmial0n79s0000001737048078121&qH=312f91285e048e09,"₹74,990","₹1,06,990",29% off
Acer Chromebook Intel Celeron Dual Core N4500 - (8 GB/64 GB EMMC Storage/Chrome OS) CB314-3H-C5QE/ CB3...,/acer-chromebook-intel-celeron-dual-core-n4500-8-gb-64-gb-emmc-storage-chrome-os-cb314-3h-c5qe-cb314-3h-cobz/p/itm04458b376eefa?pid=COMGSV3GZYUDG6NP&lid=LSTCOMGSV3GZYUDG6NPUATANL&marketplace=FLIPKART&q=laptop&store=6bo%2Fb5g&srno=s_4_95&otracker=search&otracker1=search&fm=Search&iid=cef3f6ae-02a2-45f4-ba2a-1c9141b3261e.COMGSV3GZYUDG6NP.SEARCH&ppt=sp&ppn=sp&ssid=lmial0n79s0000001737048078121&qH=312f91285e048e09,"₹12,990","₹35,999",63% off
Lenovo LOQ AMD Ryzen 7 Octa Core 7435HS - (24 GB/512 GB SSD/Windows 11 Home/6 GB Graphics/NVIDIA GeFor...,/lenovo-loq-amd-ryzen-7-octa-core-7435hs-24-gb-512-gb-ssd-windows-11-home-6-graphics-nvidia-geforce-rtx-4050-15arp9-gaming-laptop/p/itmd3fbbdced2d6b?pid=COMHFYZ36W8ZGS8Z&lid=LSTCOMHFYZ36W8ZGS8ZJVRQU1&marketplace=FLIPKART&q=laptop&store=6bo%2Fb5g&srno=s_4_96&otracker=search&otracker1=search&fm=Search&iid=cef3f6ae-02a2-45f4-ba2a-1c9141b3261e.COMHFYZ36W8ZGS8Z.SEARCH&ppt=sp&ppn=sp&ssid=lmial0n79s0000001737048078121&qH=312f91285e048e09,"₹79,990","₹1,08,990",26% off
